{
  "NumberofBuildings": -0.04812477303374537,
  "NumberofFloors": -0.4837478236324544,
  "PropertyGFATotal": -0.2856686368645157,
  "PropertyGFAParking": -0.24890395188424203,
  "PropertyGFABuilding": -0.26266350143389255,
  "LargestPropertyUseTypeGFA": -0.23486830915041604,
  "GFAperBuilding": -0.4068782685984487,
  "ParkingRatio": -0.36349917581058583,
  "FloorsPerBuilding": -0.4728227685645386,
  "BuildingAge": -0.28927320791148636,
  "MainUseRatio": 0.4479568969494215,
  "BuildingType_Multifamily HR (10+)": -0.18084492388454174,
  "BuildingType_Multifamily LR (1-4)": -0.6655905292957315,
  "BuildingType_Multifamily MR (5-9)": -0.45299978043889044,
  "BuildingType_NonResidential": 1.1488222521276206,
  "BuildingType_Nonresidential COS": -0.16000573165125473,
  "BuildingType_Nonresidential WA": -0.019305882723026267,
  "BuildingType_SPS-District K-12": -0.17070765739848495,
  "Neighborhood_Ballard": -0.043201482009058705,
  "Neighborhood_CENTRAL": -0.17752244880831075,
  "Neighborhood_Central": -0.09498713802919553,
  "Neighborhood_DELRIDGE": -0.15877683720748895,
  "Neighborhood_DELRIDGE NEIGHBORHOODS": -0.019305882723026267,
  "Neighborhood_DOWNTOWN": -0.44821295673611417,
  "Neighborhood_Delridge": -0.019305882723026267,
  "Neighborhood_EAST": -0.39105109921762493,
  "Neighborhood_GREATER DUWAMISH": -0.35006123620365326,
  "Neighborhood_LAKE UNION": -0.27757260123553495,
  "Neighborhood_MAGNOLIA / QUEEN ANNE": -0.3827774572811838,
  "Neighborhood_NORTH": -0.21061333446317332,
  "Neighborhood_NORTHEAST": -0.2988071523335984,
  "Neighborhood_NORTHWEST": -0.2624821019480955,
  "Neighborhood_North": -0.11659831115047076,
  "Neighborhood_Northwest": -0.054676655181380804,
  "Neighborhood_SOUTHEAST": -0.17414446757049926,
  "Neighborhood_SOUTHWEST": -0.2363504312608696,
  "LargestPropertyUseType_Automobile Dealership": -0.03863337046431278,
  "LargestPropertyUseType_Bank Branch": -0.03345123993500254,
  "LargestPropertyUseType_College/University": -0.0909090909090909,
  "LargestPropertyUseType_Convention Center": -0.019305882723026267,
  "LargestPropertyUseType_Courthouse": -0.019305882723026267,
  "LargestPropertyUseType_Data Center": -0.019305882723026267,
  "LargestPropertyUseType_Distribution Center": -0.13058297593345677,
  "LargestPropertyUseType_Financial Office": -0.03345123993500254,
  "LargestPropertyUseType_Fire Station": -0.019305882723026267,
  "LargestPropertyUseType_Fitness Center/Health Club/Gym": -0.043201482009058705,
  "LargestPropertyUseType_Food Service": -0.019305882723026267,
  "LargestPropertyUseType_Hospital (General Medical & Surgical)": -0.043201482009058705,
  "LargestPropertyUseType_Hotel": -0.1486163654077911,
  "LargestPropertyUseType_K-12 School": -0.20672455764868072,
  "LargestPropertyUseType_Laboratory": -0.06701505774131554,
  "LargestPropertyUseType_Library": -0.03863337046431278,
  "LargestPropertyUseType_Lifestyle Center": -0.027307730683968013,
  "LargestPropertyUseType_Manufacturing/Industrial Plant": -0.05113577406149375,
  "LargestPropertyUseType_Medical Office": -0.11157120049584027,
  "LargestPropertyUseType_Movie Theater": -0.019305882723026267,
  "LargestPropertyUseType_Multifamily Housing": -0.9992551209394689,
  "LargestPropertyUseType_Museum": -0.03863337046431278,
  "LargestPropertyUseType_Non-Refrigerated Warehouse": -0.24330012062822973,
  "LargestPropertyUseType_Office": 2.4108468929230553,
  "LargestPropertyUseType_Other": -0.17974340685458343,
  "LargestPropertyUseType_Other - Education": -0.03863337046431278,
  "LargestPropertyUseType_Other - Entertainment/Public Assembly": -0.08443610548778122,
  "LargestPropertyUseType_Other - Lodging/Residential": -0.047333687460764225,
  "LargestPropertyUseType_Other - Mall": -0.03345123993500254,
  "LargestPropertyUseType_Other - Public Services": -0.027307730683968013,
  "LargestPropertyUseType_Other - Recreation": -0.0909090909090909,
  "LargestPropertyUseType_Other - Restaurant/Bar": -0.027307730683968013,
  "LargestPropertyUseType_Other - Services": -0.0432014820090587,
  "LargestPropertyUseType_Other - Utility": 0.0,
  "LargestPropertyUseType_Other/Specialty Hospital": -0.03863337046431278,
  "LargestPropertyUseType_Parking": -0.10080593562823985,
  "LargestPropertyUseType_Performing Arts": -0.03345123993500254,
  "LargestPropertyUseType_Personal Services (Health/Beauty, Dry Cleaning, etc)": 0.0,
  "LargestPropertyUseType_Police Station": -0.019305882723026267,
  "LargestPropertyUseType_Pre-school/Daycare": 0.0,
  "LargestPropertyUseType_Prison/Incarceration": -0.033451239935002534,
  "LargestPropertyUseType_Refrigerated Warehouse": -0.05467665518138081,
  "LargestPropertyUseType_Repair Services (Vehicle, Shoe, Locksmith, etc)": -0.033451239935002534,
  "LargestPropertyUseType_Residence Hall/Dormitory": -0.08664587415167271,
  "LargestPropertyUseType_Residential Care Facility": -0.019305882723026267,
  "LargestPropertyUseType_Restaurant": -0.054676655181380804,
  "LargestPropertyUseType_Retail Store": -0.16954835954560912,
  "LargestPropertyUseType_Self-Storage Facility": -0.09498713802919553,
  "LargestPropertyUseType_Senior Care Community": -0.12454988956454781,
  "LargestPropertyUseType_Social/Meeting Hall": -0.06115321562763971,
  "LargestPropertyUseType_Strip Mall": -0.03345123993500254,
  "LargestPropertyUseType_Supermarket/Grocery Store": -0.11494578300804506,
  "LargestPropertyUseType_Urgent Care/Clinic/Other Outpatient": -0.03345123993500254,
  "LargestPropertyUseType_Wholesale Club/Supercenter": -0.019305882723026267,
  "LargestPropertyUseType_Worship Facility": -0.1473015753212446
}
